Workbook

Sheet Summary
A1: RBC Cloud Business Case Tracker
A2: Platform × capability coverage · Zephyr vs non-Zephyr split · September 25, 2026
A4: KEY METRICS
A5: Total platforms | B5: 88
A6: Platforms named | B6: =COUNTA(Platforms!A5:A30,Platforms!A32:A45,Platforms!A47:A62,Platforms!A64:A69,Platforms!A71:A73,Platforms!A75:A92,Platforms!A94,Platforms!A96:A99)
A7: Capabilities in scope | B7: =Platforms!AY100
A8: Capabilities with Zephyr decision | B8: =COUNTA(Platforms!D3:AX3)
A9: Overall % via Zephyr | B9: =Platforms!AZ100
A10: Overall % outside Zephyr | B10: =Platforms!BA100
A11: Overall % undecided | B11: =Platforms!BB100
A13: BY CATEGORY
A14: Category | B14: Platforms | C14: In scope | D14: % Zephyr | E14: % Non-Zephyr | F14: % Undecided
A15: Application | B15: 26 | C15: =Platforms!AY4 | D15: =Platforms!AZ4 | E15: =Platforms!BA4 | F15: =Platforms!BB4
A16: Connectivity | B16: 14 | C16: =Platforms!AY31 | D16: =Platforms!AZ31 | E16: =Platforms!BA31 | F16: =Platforms!BB31
A17: Data | B17: 16 | C17: =Platforms!AY46 | D17: =Platforms!AZ46 | E17: =Platforms!BA46 | F17: =Platforms!BB46
A18: Storage | B18: 6 | C18: =Platforms!AY63 | D18: =Platforms!AZ63 | E18: =Platforms!BA63 | F18: =Platforms!BB63
A19: Operations | B19: 3 | C19: =Platforms!AY70 | D19: =Platforms!AZ70 | E19: =Platforms!BA70 | F19: =Platforms!BB70
A20: Compute | B20: 18 | C20: =Platforms!AY74 | D20: =Platforms!AZ74 | E20: =Platforms!BA74 | F20: =Platforms!BB74
A21: Client Computing | B21: 1 | C21: =Platforms!AY93 | D21: =Platforms!AZ93 | E21: =Platforms!BA93 | F21: =Platforms!BB93
A22: Mainframe | B22: 4 | C22: =Platforms!AY95 | D22: =Platforms!AZ95 | E22: =Platforms!BA95 | F22: =Platforms!BB95
A24: How to use: set each capability's Zephyr decision on the Platforms helper row, mark Yes / No / TBD per platform, and the splits roll up automatically. Planned next: hours-saved tracking (Before / After Zephyr hours).

Sheet Platforms
A1: Platform Details | D1: Onboarding | F1: Provisioning | T1: Management | AE1: Optimization | AK1: Compliance | AL1: Lifecycle | AQ1: Security | AU1: Observability | AY1: Total | AZ1: Zephyr vs Non-Zephyr
A2: Platform Name | B2: Service Name | C2: Rollout Status | D2: Onboarding Consultations | E2: Onboarding Approvals | F2: Procure Infras | G2: Rack and Stack in DC | H2: Provision OS | I2: Request Access (AD or Sudo) | J2: Virtual Compute Provisioning | K2: Software Install (DB, Middleware etc) | L2: Backups | M2: Vulnerability (Find latest version) | N2: TSS Hardening | O2: Encryption | P2: Logging/Auditing | Q2: Resource Tagging | R2: Activity Monitoring | S2: ITAM Onboarding | T2: ITAM Reconciliation | U2: DR Failover & Validation | V2: Healthchecks | W2: Version/EoL Upgrades | X2: DR Tests (Graceful Failover) | Y2: TSS Reporting | Z2: Vulnerability Patching | AA2: Restore Tests | AB2: IAM Attestations | AC2: Process Documentation | AD2: Migrations | AE2: Observability | AF2: Utilization Reports | AG2: Metrics Collection | AH2: Right Sizing & Auto Scaling | AI2: Eliminate redundant platforms | AJ2: FinOps Optimization | AK2: Centralized Compliance Visibility | AL2: Provisioning | AM2: Patch Execution | AN2: Scaling | AO2: Decommissioning | AP2: Backup & Restores | AQ2: IAM / PAM | AR2: Encryption Standards | AS2: Encryption (TDS/Imperva) | AT2: Secrets Mgmt | AU2: Monitoring | AV2: Logging | AW2: Distributed Tracing | AX2: Alerting | AY2: In scope | AZ2: % via Zephyr | BA2: % outside Zephyr | BB2: % undecided
A3: Zephyr decision →
A4: Application (26 platforms) | AY4: =SUM(AY5:AY30) | AZ4: =IF($AY4=0,"",SUMPRODUCT($AZ5:$AZ30,$AY5:$AY30)/$AY4) | BA4: =IF($AY4=0,"",SUMPRODUCT($BA5:$BA30,$AY5:$AY30)/$AY4) | BB4: =IF($AY4=0,"",1-$AZ4-$BA4)
AY5: =COUNTIF(D5:AX5,"Yes") | AZ5: =IF($AY5=0,"",SUMPRODUCT(($D5:$AX5="Yes")*($D$3:$AX$3="Expose via Zephyr"))/$AY5) | BA5: =IF($AY5=0,"",SUMPRODUCT(($D5:$AX5="Yes")*($D$3:$AX$3="Deliver outside Zephyr"))/$AY5) | BB5: =IF($AY5=0,"",1-$AZ5-$BA5)
AY6: =COUNTIF(D6:AX6,"Yes") | AZ6: =IF($AY6=0,"",SUMPRODUCT(($D6:$AX6="Yes")*($D$3:$AX$3="Expose via Zephyr"))/$AY6) | BA6: =IF($AY6=0,"",SUMPRODUCT(($D6:$AX6="Yes")*($D$3:$AX$3="Deliver outside Zephyr"))/$AY6) | BB6: =IF($AY6=0,"",1-$AZ6-$BA6)
AY7: =COUNTIF(D7:AX7,"Yes") | AZ7: =IF($AY7=0,"",SUMPRODUCT(($D7:$AX7="Yes")*($D$3:$AX$3="Expose via Zephyr"))/$AY7) | BA7: =IF($AY7=0,"",SUMPRODUCT(($D7:$AX7="Yes")*($D$3:$AX$3="Deliver outside Zephyr"))/$AY7) | BB7: =IF($AY7=0,"",1-$AZ7-$BA7)
AY8: =COUNTIF(D8:AX8,"Yes") | AZ8: =IF($AY8=0,"",SUMPRODUCT(($D8:$AX8="Yes")*($D$3:$AX$3="Expose via Zephyr"))/$AY8) | BA8: =IF($AY8=0,"",SUMPRODUCT(($D8:$AX8="Yes")*($D$3:$AX$3="Deliver outside Zephyr"))/$AY8) | BB8: =IF($AY8=0,"",1-$AZ8-$BA8)
AY9: =COUNTIF(D9:AX9,"Yes") | AZ9: =IF($AY9=0,"",SUMPRODUCT(($D9:$AX9="Yes")*($D$3:$AX$3="Expose via Zephyr"))/$AY9) | BA9: =IF($AY9=0,"",SUMPRODUCT(($D9:$AX9="Yes")*($D$3:$AX$3="Deliver outside Zephyr"))/$AY9) | BB9: =IF($AY9=0,"",1-$AZ9-$BA9)
AY10: =COUNTIF(D10:AX10,"Yes") | AZ10: =IF($AY10=0,"",SUMPRODUCT(($D10:$AX10="Yes")*($D$3:$AX$3="Expose via Zephyr"))/$AY10) | BA10: =IF($AY10=0,"",SUMPRODUCT(($D10:$AX10="Yes")*($D$3:$AX$3="Deliver outside Zephyr"))/$AY10) | BB10: =IF($AY10=0,"",1-$AZ10-$BA10)
AY11: =COUNTIF(D11:AX11,"Yes") | AZ11: =IF($AY11=0,"",SUMPRODUCT(($D11:$AX11="Yes")*($D$3:$AX$3="Expose via Zephyr"))/$AY11) | BA11: =IF($AY11=0,"",SUMPRODUCT(($D11:$AX11="Yes")*($D$3:$AX$3="Deliver outside Zephyr"))/$AY11) | BB11: =IF($AY11=0,"",1-$AZ11-$BA11)
AY12: =COUNTIF(D12:AX12,"Yes") | AZ12: =IF($AY12=0,"",SUMPRODUCT(($D12:$AX12="Yes")*($D$3:$AX$3="Expose via Zephyr"))/$AY12) | BA12: =IF($AY12=0,"",SUMPRODUCT(($D12:$AX12="Yes")*($D$3:$AX$3="Deliver outside Zephyr"))/$AY12) | BB12: =IF($AY12=0,"",1-$AZ12-$BA12)
AY13: =COUNTIF(D13:AX13,"Yes") | AZ13: =IF($AY13=0,"",SUMPRODUCT(($D13:$AX13="Yes")*($D$3:$AX$3="Expose via Zephyr"))/$AY13) | BA13: =IF($AY13=0,"",SUMPRODUCT(($D13:$AX13="Yes")*($D$3:$AX$3="Deliver outside Zephyr"))/$AY13) | BB13: =IF($AY13=0,"",1-$AZ13-$BA13)
AY14: =COUNTIF(D14:AX14,"Yes") | AZ14: =IF($AY14=0,"",SUMPRODUCT(($D14:$AX14="Yes")*($D$3:$AX$3="Expose via Zephyr"))/$AY14) | BA14: =IF($AY14=0,"",SUMPRODUCT(($D14:$AX14="Yes")*($D$3:$AX$3="Deliver outside Zephyr"))/$AY14) | BB14: =IF($AY14=0,"",1-$AZ14-$BA14)
AY15: =COUNTIF(D15:AX15,"Yes") | AZ15: =IF($AY15=0,"",SUMPRODUCT(($D15:$AX15="Yes")*($D$3:$AX$3="Expose via Zephyr"))/$AY15) | BA15: =IF($AY15=0,"",SUMPRODUCT(($D15:$AX15="Yes")*($D$3:$AX$3="Deliver outside Zephyr"))/$AY15) | BB15: =IF($AY15=0,"",1-$AZ15-$BA15)
AY16: =COUNTIF(D16:AX16,"Yes") | AZ16: =IF($AY16=0,"",SUMPRODUCT(($D16:$AX16="Yes")*($D$3:$AX$3="Expose via Zephyr"))/$AY16) | BA16: =IF($AY16=0,"",SUMPRODUCT(($D16:$AX16="Yes")*($D$3:$AX$3="Deliver outside Zephyr"))/$AY16) | BB16: =IF($AY16=0,"",1-$AZ16-$BA16)
... AY30: =COUNTIF(D30:AX30,"Yes") | AZ30: =IF($AY30=0,"",SUMPRODUCT(($D30:$AX30="Yes")*($D$3:$AX$3="Expose via Zephyr"))/$AY30) | BA30: =IF($AY30=0,"",SUMPRODUCT(($D30:$AX30="Yes")*($D$3:$AX$3="Deliver outside Zephyr"))/$AY30) | BB30: =IF($AY30=0,"",1-$AZ30-$BA30)
A31: Connectivity (14 platforms) | AY31: =SUM(AY32:AY45) | AZ31: =IF($AY31=0,"",SUMPRODUCT($AZ32:$AZ45,$AY32:$AY45)/$AY31) | BA31: =IF($AY31=0,"",SUMPRODUCT($BA32:$BA45,$AY32:$AY45)/$AY31) | BB31: =IF($AY31=0,"",1-$AZ31-$BA31)
AY32: =COUNTIF(D32:AX32,"Yes") | AZ32: =IF($AY32=0,"",SUMPRODUCT(($D32:$AX32="Yes")*($D$3:$AX$3="Expose via Zephyr"))/$AY32) | BA32: =IF($AY32=0,"",SUMPRODUCT(($D32:$AX32="Yes")*($D$3:$AX$3="Deliver outside Zephyr"))/$AY32) | BB32: =IF($AY32=0,"",1-$AZ32-$BA32)
AY33: =COUNTIF(D33:AX33,"Yes") | AZ33: =IF($AY33=0,"",SUMPRODUCT(($D33:$AX33="Yes")*($D$3:$AX$3="Expose via Zephyr"))/$AY33) | BA33: =IF($AY33=0,"",SUMPRODUCT(($D33:$AX33="Yes")*($D$3:$AX$3="Deliver outside Zephyr"))/$AY33) | BB33: =IF($AY33=0,"",1-$AZ33-$BA33)
AY34: =COUNTIF(D34:AX34,"Yes") | AZ34: =IF($AY34=0,"",SUMPRODUCT(($D34:$AX34="Yes")*($D$3:$AX$3="Expose via Zephyr"))/$AY34) | BA34: =IF($AY34=0,"",SUMPRODUCT(($D34:$AX34="Yes")*($D$3:$AX$3="Deliver outside Zephyr"))/$AY34) | BB34: =IF($AY34=0,"",1-$AZ34-$BA34)
AY35: =COUNTIF(D35:AX35,"Yes") | AZ35: =IF($AY35=0,"",SUMPRODUCT(($D35:$AX35="Yes")*($D$3:$AX$3="Expose via Zephyr"))/$AY35) | BA35: =IF($AY35=0,"",SUMPRODUCT(($D35:$AX35="Yes")*($D$3:$AX$3="Deliver outside Zephyr"))/$AY35) | BB35: =IF($AY35=0,"",1-$AZ35-$BA35)
AY36: =COUNTIF(D36:AX36,"Yes") | AZ36: =IF($AY36=0,"",SUMPRODUCT(($D36:$AX36="Yes")*($D$3:$AX$3="Expose via Zephyr"))/$AY36) | BA36: =IF($AY36=0,"",SUMPRODUCT(($D36:$AX36="Yes")*($D$3:$AX$3="Deliver outside Zephyr"))/$AY36) | BB36: =IF($AY36=0,"",1-$AZ36-$BA36)
AY37: =COUNTIF(D37:AX37,"Yes") | AZ37: =IF($AY37=0,"",SUMPRODUCT(($D37:$AX37="Yes")*($D$3:$AX$3="Expose via Zephyr"))/$AY37) | BA37: =IF($AY37=0,"",SUMPRODUCT(($D37:$AX37="Yes")*($D$3:$AX$3="Deliver outside Zephyr"))/$AY37) | BB37: =IF($AY37=0,"",1-$AZ37-$BA37)
AY38: =COUNTIF(D38:AX38,"Yes") | AZ38: =IF($AY38=0,"",SUMPRODUCT(($D38:$AX38="Yes")*($D$3:$AX$3="Expose via Zephyr"))/$AY38) | BA38: =IF($AY38=0,"",SUMPRODUCT(($D38:$AX38="Yes")*($D$3:$AX$3="Deliver outside Zephyr"))/$AY38) | BB38: =IF($AY38=0,"",1-$AZ38-$BA38)
AY39: =COUNTIF(D39:AX39,"Yes") | AZ39: =IF($AY39=0,"",SUMPRODUCT(($D39:$AX39="Yes")*($D$3:$AX$3="Expose via Zephyr"))/$AY39) | BA39: =IF($AY39=0,"",SUMPRODUCT(($D39:$AX39="Yes")*($D$3:$AX$3="Deliver outside Zephyr"))/$AY39) | BB39: =IF($AY39=0,"",1-$AZ39-$BA39)
AY40: =COUNTIF(D40:AX40,"Yes") | AZ40: =IF($AY40=0,"",SUMPRODUCT(($D40:$AX40="Yes")*($D$3:$AX$3="Expose via Zephyr"))/$AY40) | BA40: =IF($AY40=0,"",SUMPRODUCT(($D40:$AX40="Yes")*($D$3:$AX$3="Deliver outside Zephyr"))/$AY40) | BB40: =IF($AY40=0,"",1-$AZ40-$BA40)
AY41: =COUNTIF(D41:AX41,"Yes") | AZ41: =IF($AY41=0,"",SUMPRODUCT(($D41:$AX41="Yes")*($D$3:$AX$3="Expose via Zephyr"))/$AY41) | BA41: =IF($AY41=0,"",SUMPRODUCT(($D41:$AX41="Yes")*($D$3:$AX$3="Deliver outside Zephyr"))/$AY41) | BB41: =IF($AY41=0,"",1-$AZ41-$BA41)
AY42: =COUNTIF(D42:AX42,"Yes") | AZ42: =IF($AY42=0,"",SUMPRODUCT(($D42:$AX42="Yes")*($D$3:$AX$3="Expose via Zephyr"))/$AY42) | BA42: =IF($AY42=0,"",SUMPRODUCT(($D42:$AX42="Yes")*($D$3:$AX$3="Deliver outside Zephyr"))/$AY42) | BB42: =IF($AY42=0,"",1-$AZ42-$BA42)
AY43: =COUNTIF(D43:AX43,"Yes") | AZ43: =IF($AY43=0,"",SUMPRODUCT(($D43:$AX43="Yes")*($D$3:$AX$3="Expose via Zephyr"))/$AY43) | BA43: =IF($AY43=0,"",SUMPRODUCT(($D43:$AX43="Yes")*($D$3:$AX$3="Deliver outside Zephyr"))/$AY43) | BB43: =IF($AY43=0,"",1-$AZ43-$BA43)
... AY45: =COUNTIF(D45:AX45,"Yes") | AZ45: =IF($AY45=0,"",SUMPRODUCT(($D45:$AX45="Yes")*($D$3:$AX$3="Expose via Zephyr"))/$AY45) | BA45: =IF($AY45=0,"",SUMPRODUCT(($D45:$AX45="Yes")*($D$3:$AX$3="Deliver outside Zephyr"))/$AY45) | BB45: =IF($AY45=0,"",1-$AZ45-$BA45)
A46: Data (16 platforms) | AY46: =SUM(AY47:AY62) | AZ46: =IF($AY46=0,"",SUMPRODUCT($AZ47:$AZ62,$AY47:$AY62)/$AY46) | BA46: =IF($AY46=0,"",SUMPRODUCT($BA47:$BA62,$AY47:$AY62)/$AY46) | BB46: =IF($AY46=0,"",1-$AZ46-$BA46)
AY47: =COUNTIF(D47:AX47,"Yes") | AZ47: =IF($AY47=0,"",SUMPRODUCT(($D47:$AX47="Yes")*($D$3:$AX$3="Expose via Zephyr"))/$AY47) | BA47: =IF($AY47=0,"",SUMPRODUCT(($D47:$AX47="Yes")*($D$3:$AX$3="Deliver outside Zephyr"))/$AY47) | BB47: =IF($AY47=0,"",1-$AZ47-$BA47)
AY48: =COUNTIF(D48:AX48,"Yes") | AZ48: =IF($AY48=0,"",SUMPRODUCT(($D48:$AX48="Yes")*($D$3:$AX$3="Expose via Zephyr"))/$AY48) | BA48: =IF($AY48=0,"",SUMPRODUCT(($D48:$AX48="Yes")*($D$3:$AX$3="Deliver outside Zephyr"))/$AY48) | BB48: =IF($AY48=0,"",1-$AZ48-$BA48)
AY49: =COUNTIF(D49:AX49,"Yes") | AZ49: =IF($AY49=0,"",SUMPRODUCT(($D49:$AX49="Yes")*($D$3:$AX$3="Expose via Zephyr"))/$AY49) | BA49: =IF($AY49=0,"",SUMPRODUCT(($D49:$AX49="Yes")*($D$3:$AX$3="Deliver outside Zephyr"))/$AY49) | BB49: =IF($AY49=0,"",1-$AZ49-$BA49)
AY50: =COUNTIF(D50:AX50,"Yes") | AZ50: =IF($AY50=0,"",SUMPRODUCT(($D50:$AX50="Yes")*($D$3:$AX$3="Expose via Zephyr"))/$AY50) | BA50: =IF($AY50=0,"",SUMPRODUCT(($D50:$AX50="Yes")*($D$3:$AX$3="Deliver outside Zephyr"))/$AY50) | BB50: =IF($AY50=0,"",1-$AZ50-$BA50)
AY51: =COUNTIF(D51:AX51,"Yes") | AZ51: =IF($AY51=0,"",SUMPRODUCT(($D51:$AX51="Yes")*($D$3:$AX$3="Expose via Zephyr"))/$AY51) | BA51: =IF($AY51=0,"",SUMPRODUCT(($D51:$AX51="Yes")*($D$3:$AX$3="Deliver outside Zephyr"))/$AY51) | BB51: =IF($AY51=0,"",1-$AZ51-$BA51)
AY52: =COUNTIF(D52:AX52,"Yes") | AZ52: =IF($AY52=0,"",SUMPRODUCT(($D52:$AX52="Yes")*($D$3:$AX$3="Expose via Zephyr"))/$AY52) | BA52: =IF($AY52=0,"",SUMPRODUCT(($D52:$AX52="Yes")*($D$3:$AX$3="Deliver outside Zephyr"))/$AY52) | BB52: =IF($AY52=0,"",1-$AZ52-$BA52)
AY53: =COUNTIF(D53:AX53,"Yes") | AZ53: =IF($AY53=0,"",SUMPRODUCT(($D53:$AX53="Yes")*($D$3:$AX$3="Expose via Zephyr"))/$AY53) | BA53: =IF($AY53=0,"",SUMPRODUCT(($D53:$AX53="Yes")*($D$3:$AX$3="Deliver outside Zephyr"))/$AY53) | BB53: =IF($AY53=0,"",1-$AZ53-$BA53)
AY54: =COUNTIF(D54:AX54,"Yes") | AZ54: =IF($AY54=0,"",SUMPRODUCT(($D54:$AX54="Yes")*($D$3:$AX$3="Expose via Zephyr"))/$AY54) | BA54: =IF($AY54=0,"",SUMPRODUCT(($D54:$AX54="Yes")*($D$3:$AX$3="Deliver outside Zephyr"))/$AY54) | BB54: =IF($AY54=0,"",1-$AZ54-$BA54)
AY55: =COUNTIF(D55:AX55,"Yes") | AZ55: =IF($AY55=0,"",SUMPRODUCT(($D55:$AX55="Yes")*($D$3:$AX$3="Expose via Zephyr"))/$AY55) | BA55: =IF($AY55=0,"",SUMPRODUCT(($D55:$AX55="Yes")*($D$3:$AX$3="Deliver outside Zephyr"))/$AY55) | BB55: =IF($AY55=0,"",1-$AZ55-$BA55)
AY56: =COUNTIF(D56:AX56,"Yes") | AZ56: =IF($AY56=0,"",SUMPRODUCT(($D56:$AX56="Yes")*($D$3:$AX$3="Expose via Zephyr"))/$AY56) | BA56: =IF($AY56=0,"",SUMPRODUCT(($D56:$AX56="Yes")*($D$3:$AX$3="Deliver outside Zephyr"))/$AY56) | BB56: =IF($AY56=0,"",1-$AZ56-$BA56)
AY57: =COUNTIF(D57:AX57,"Yes") | AZ57: =IF($AY57=0,"",SUMPRODUCT(($D57:$AX57="Yes")*($D$3:$AX$3="Expose via Zephyr"))/$AY57) | BA57: =IF($AY57=0,"",SUMPRODUCT(($D57:$AX57="Yes")*($D$3:$AX$3="Deliver outside Zephyr"))/$AY57) | BB57: =IF($AY57=0,"",1-$AZ57-$BA57)
AY58: =COUNTIF(D58:AX58,"Yes") | AZ58: =IF($AY58=0,"",SUMPRODUCT(($D58:$AX58="Yes")*($D$3:$AX$3="Expose via Zephyr"))/$AY58) | BA58: =IF($AY58=0,"",SUMPRODUCT(($D58:$AX58="Yes")*($D$3:$AX$3="Deliver outside Zephyr"))/$AY58) | BB58: =IF($AY58=0,"",1-$AZ58-$BA58)
... AY62: =COUNTIF(D62:AX62,"Yes") | AZ62: =IF($AY62=0,"",SUMPRODUCT(($D62:$AX62="Yes")*($D$3:$AX$3="Expose via Zephyr"))/$AY62) | BA62: =IF($AY62=0,"",SUMPRODUCT(($D62:$AX62="Yes")*($D$3:$AX$3="Deliver outside Zephyr"))/$AY62) | BB62: =IF($AY62=0,"",1-$AZ62-$BA62)
A63: Storage (6 platforms) | AY63: =SUM(AY64:AY69) | AZ63: =IF($AY63=0,"",SUMPRODUCT($AZ64:$AZ69,$AY64:$AY69)/$AY63) | BA63: =IF($AY63=0,"",SUMPRODUCT($BA64:$BA69,$AY64:$AY69)/$AY63) | BB63: =IF($AY63=0,"",1-$AZ63-$BA63)
AY64: =COUNTIF(D64:AX64,"Yes") | AZ64: =IF($AY64=0,"",SUMPRODUCT(($D64:$AX64="Yes")*($D$3:$AX$3="Expose via Zephyr"))/$AY64) | BA64: =IF($AY64=0,"",SUMPRODUCT(($D64:$AX64="Yes")*($D$3:$AX$3="Deliver outside Zephyr"))/$AY64) | BB64: =IF($AY64=0,"",1-$AZ64-$BA64)
AY65: =COUNTIF(D65:AX65,"Yes") | AZ65: =IF($AY65=0,"",SUMPRODUCT(($D65:$AX65="Yes")*($D$3:$AX$3="Expose via Zephyr"))/$AY65) | BA65: =IF($AY65=0,"",SUMPRODUCT(($D65:$AX65="Yes")*($D$3:$AX$3="Deliver outside Zephyr"))/$AY65) | BB65: =IF($AY65=0,"",1-$AZ65-$BA65)
AY66: =COUNTIF(D66:AX66,"Yes") | AZ66: =IF($AY66=0,"",SUMPRODUCT(($D66:$AX66="Yes")*($D$3:$AX$3="Expose via Zephyr"))/$AY66) | BA66: =IF($AY66=0,"",SUMPRODUCT(($D66:$AX66="Yes")*($D$3:$AX$3="Deliver outside Zephyr"))/$AY66) | BB66: =IF($AY66=0,"",1-$AZ66-$BA66)
AY67: =COUNTIF(D67:AX67,"Yes") | AZ67: =IF($AY67=0,"",SUMPRODUCT(($D67:$AX67="Yes")*($D$3:$AX$3="Expose via Zephyr"))/$AY67) | BA67: =IF($AY67=0,"",SUMPRODUCT(($D67:$AX67="Yes")*($D$3:$AX$3="Deliver outside Zephyr"))/$AY67) | BB67: =IF($AY67=0,"",1-$AZ67-$BA67)
AY68: =COUNTIF(D68:AX68,"Yes") | AZ68: =IF($AY68=0,"",SUMPRODUCT(($D68:$AX68="Yes")*($D$3:$AX$3="Expose via Zephyr"))/$AY68) | BA68: =IF($AY68=0,"",SUMPRODUCT(($D68:$AX68="Yes")*($D$3:$AX$3="Deliver outside Zephyr"))/$AY68) | BB68: =IF($AY68=0,"",1-$AZ68-$BA68)
AY69: =COUNTIF(D69:AX69,"Yes") | AZ69: =IF($AY69=0,"",SUMPRODUCT(($D69:$AX69="Yes")*($D$3:$AX$3="Expose via Zephyr"))/$AY69) | BA69: =IF($AY69=0,"",SUMPRODUCT(($D69:$AX69="Yes")*($D$3:$AX$3="Deliver outside Zephyr"))/$AY69) | BB69: =IF($AY69=0,"",1-$AZ69-$BA69)
A70: Operations (3 platforms) | AY70: =SUM(AY71:AY73) | AZ70: =IF($AY70=0,"",SUMPRODUCT($AZ71:$AZ73,$AY71:$AY73)/$AY70) | BA70: =IF($AY70=0,"",SUMPRODUCT($BA71:$BA73,$AY71:$AY73)/$AY70) | BB70: =IF($AY70=0,"",1-$AZ70-$BA70)
AY71: =COUNTIF(D71:AX71,"Yes") | AZ71: =IF($AY71=0,"",SUMPRODUCT(($D71:$AX71="Yes")*($D$3:$AX$3="Expose via Zephyr"))/$AY71) | BA71: =IF($AY71=0,"",SUMPRODUCT(($D71:$AX71="Yes")*($D$3:$AX$3="Deliver outside Zephyr"))/$AY71) | BB71: =IF($AY71=0,"",1-$AZ71-$BA71)
AY72: =COUNTIF(D72:AX72,"Yes") | AZ72: =IF($AY72=0,"",SUMPRODUCT(($D72:$AX72="Yes")*($D$3:$AX$3="Expose via Zephyr"))/$AY72) | BA72: =IF($AY72=0,"",SUMPRODUCT(($D72:$AX72="Yes")*($D$3:$AX$3="Deliver outside Zephyr"))/$AY72) | BB72: =IF($AY72=0,"",1-$AZ72-$BA72)
AY73: =COUNTIF(D73:AX73,"Yes") | AZ73: =IF($AY73=0,"",SUMPRODUCT(($D73:$AX73="Yes")*($D$3:$AX$3="Expose via Zephyr"))/$AY73) | BA73: =IF($AY73=0,"",SUMPRODUCT(($D73:$AX73="Yes")*($D$3:$AX$3="Deliver outside Zephyr"))/$AY73) | BB73: =IF($AY73=0,"",1-$AZ73-$BA73)
A74: Compute (18 platforms) | AY74: =SUM(AY75:AY92) | AZ74: =IF($AY74=0,"",SUMPRODUCT($AZ75:$AZ92,$AY75:$AY92)/$AY74) | BA74: =IF($AY74=0,"",SUMPRODUCT($BA75:$BA92,$AY75:$AY92)/$AY74) | BB74: =IF($AY74=0,"",1-$AZ74-$BA74)
AY75: =COUNTIF(D75:AX75,"Yes") | AZ75: =IF($AY75=0,"",SUMPRODUCT(($D75:$AX75="Yes")*($D$3:$AX$3="Expose via Zephyr"))/$AY75) | BA75: =IF($AY75=0,"",SUMPRODUCT(($D75:$AX75="Yes")*($D$3:$AX$3="Deliver outside Zephyr"))/$AY75) | BB75: =IF($AY75=0,"",1-$AZ75-$BA75)
AY76: =COUNTIF(D76:AX76,"Yes") | AZ76: =IF($AY76=0,"",SUMPRODUCT(($D76:$AX76="Yes")*($D$3:$AX$3="Expose via Zephyr"))/$AY76) | BA76: =IF($AY76=0,"",SUMPRODUCT(($D76:$AX76="Yes")*($D$3:$AX$3="Deliver outside Zephyr"))/$AY76) | BB76: =IF($AY76=0,"",1-$AZ76-$BA76)
AY77: =COUNTIF(D77:AX77,"Yes") | AZ77: =IF($AY77=0,"",SUMPRODUCT(($D77:$AX77="Yes")*($D$3:$AX$3="Expose via Zephyr"))/$AY77) | BA77: =IF($AY77=0,"",SUMPRODUCT(($D77:$AX77="Yes")*($D$3:$AX$3="Deliver outside Zephyr"))/$AY77) | BB77: =IF($AY77=0,"",1-$AZ77-$BA77)
AY78: =COUNTIF(D78:AX78,"Yes") | AZ78: =IF($AY78=0,"",SUMPRODUCT(($D78:$AX78="Yes")*($D$3:$AX$3="Expose via Zephyr"))/$AY78) | BA78: =IF($AY78=0,"",SUMPRODUCT(($D78:$AX78="Yes")*($D$3:$AX$3="Deliver outside Zephyr"))/$AY78) | BB78: =IF($AY78=0,"",1-$AZ78-$BA78)
AY79: =COUNTIF(D79:AX79,"Yes") | AZ79: =IF($AY79=0,"",SUMPRODUCT(($D79:$AX79="Yes")*($D$3:$AX$3="Expose via Zephyr"))/$AY79) | BA79: =IF($AY79=0,"",SUMPRODUCT(($D79:$AX79="Yes")*($D$3:$AX$3="Deliver outside Zephyr"))/$AY79) | BB79: =IF($AY79=0,"",1-$AZ79-$BA79)
AY80: =COUNTIF(D80:AX80,"Yes") | AZ80: =IF($AY80=0,"",SUMPRODUCT(($D80:$AX80="Yes")*($D$3:$AX$3="Expose via Zephyr"))/$AY80) | BA80: =IF($AY80=0,"",SUMPRODUCT(($D80:$AX80="Yes")*($D$3:$AX$3="Deliver outside Zephyr"))/$AY80) | BB80: =IF($AY80=0,"",1-$AZ80-$BA80)
AY81: =COUNTIF(D81:AX81,"Yes") | AZ81: =IF($AY81=0,"",SUMPRODUCT(($D81:$AX81="Yes")*($D$3:$AX$3="Expose via Zephyr"))/$AY81) | BA81: =IF($AY81=0,"",SUMPRODUCT(($D81:$AX81="Yes")*($D$3:$AX$3="Deliver outside Zephyr"))/$AY81) | BB81: =IF($AY81=0,"",1-$AZ81-$BA81)
AY82: =COUNTIF(D82:AX82,"Yes") | AZ82: =IF($AY82=0,"",SUMPRODUCT(($D82:$AX82="Yes")*($D$3:$AX$3="Expose via Zephyr"))/$AY82) | BA82: =IF($AY82=0,"",SUMPRODUCT(($D82:$AX82="Yes")*($D$3:$AX$3="Deliver outside Zephyr"))/$AY82) | BB82: =IF($AY82=0,"",1-$AZ82-$BA82)
AY83: =COUNTIF(D83:AX83,"Yes") | AZ83: =IF($AY83=0,"",SUMPRODUCT(($D83:$AX83="Yes")*($D$3:$AX$3="Expose via Zephyr"))/$AY83) | BA83: =IF($AY83=0,"",SUMPRODUCT(($D83:$AX83="Yes")*($D$3:$AX$3="Deliver outside Zephyr"))/$AY83) | BB83: =IF($AY83=0,"",1-$AZ83-$BA83)
AY84: =COUNTIF(D84:AX84,"Yes") | AZ84: =IF($AY84=0,"",SUMPRODUCT(($D84:$AX84="Yes")*($D$3:$AX$3="Expose via Zephyr"))/$AY84) | BA84: =IF($AY84=0,"",SUMPRODUCT(($D84:$AX84="Yes")*($D$3:$AX$3="Deliver outside Zephyr"))/$AY84) | BB84: =IF($AY84=0,"",1-$AZ84-$BA84)
AY85: =COUNTIF(D85:AX85,"Yes") | AZ85: =IF($AY85=0,"",SUMPRODUCT(($D85:$AX85="Yes")*($D$3:$AX$3="Expose via Zephyr"))/$AY85) | BA85: =IF($AY85=0,"",SUMPRODUCT(($D85:$AX85="Yes")*($D$3:$AX$3="Deliver outside Zephyr"))/$AY85) | BB85: =IF($AY85=0,"",1-$AZ85-$BA85)
AY86: =COUNTIF(D86:AX86,"Yes") | AZ86: =IF($AY86=0,"",SUMPRODUCT(($D86:$AX86="Yes")*($D$3:$AX$3="Expose via Zephyr"))/$AY86) | BA86: =IF($AY86=0,"",SUMPRODUCT(($D86:$AX86="Yes")*($D$3:$AX$3="Deliver outside Zephyr"))/$AY86) | BB86: =IF($AY86=0,"",1-$AZ86-$BA86)
... AY92: =COUNTIF(D92:AX92,"Yes") | AZ92: =IF($AY92=0,"",SUMPRODUCT(($D92:$AX92="Yes")*($D$3:$AX$3="Expose via Zephyr"))/$AY92) | BA92: =IF($AY92=0,"",SUMPRODUCT(($D92:$AX92="Yes")*($D$3:$AX$3="Deliver outside Zephyr"))/$AY92) | BB92: =IF($AY92=0,"",1-$AZ92-$BA92)
A93: Client Computing (1 platform) | AY93: =SUM(AY94:AY94) | AZ93: =IF($AY93=0,"",SUMPRODUCT($AZ94:$AZ94,$AY94:$AY94)/$AY93) | BA93: =IF($AY93=0,"",SUMPRODUCT($BA94:$BA94,$AY94:$AY94)/$AY93) | BB93: =IF($AY93=0,"",1-$AZ93-$BA93)
AY94: =COUNTIF(D94:AX94,"Yes") | AZ94: =IF($AY94=0,"",SUMPRODUCT(($D94:$AX94="Yes")*($D$3:$AX$3="Expose via Zephyr"))/$AY94) | BA94: =IF($AY94=0,"",SUMPRODUCT(($D94:$AX94="Yes")*($D$3:$AX$3="Deliver outside Zephyr"))/$AY94) | BB94: =IF($AY94=0,"",1-$AZ94-$BA94)
A95: Mainframe (4 platforms) | AY95: =SUM(AY96:AY99) | AZ95: =IF($AY95=0,"",SUMPRODUCT($AZ96:$AZ99,$AY96:$AY99)/$AY95) | BA95: =IF($AY95=0,"",SUMPRODUCT($BA96:$BA99,$AY96:$AY99)/$AY95) | BB95: =IF($AY95=0,"",1-$AZ95-$BA95)
AY96: =COUNTIF(D96:AX96,"Yes") | AZ96: =IF($AY96=0,"",SUMPRODUCT(($D96:$AX96="Yes")*($D$3:$AX$3="Expose via Zephyr"))/$AY96) | BA96: =IF($AY96=0,"",SUMPRODUCT(($D96:$AX96="Yes")*($D$3:$AX$3="Deliver outside Zephyr"))/$AY96) | BB96: =IF($AY96=0,"",1-$AZ96-$BA96)
AY97: =COUNTIF(D97:AX97,"Yes") | AZ97: =IF($AY97=0,"",SUMPRODUCT(($D97:$AX97="Yes")*($D$3:$AX$3="Expose via Zephyr"))/$AY97) | BA97: =IF($AY97=0,"",SUMPRODUCT(($D97:$AX97="Yes")*($D$3:$AX$3="Deliver outside Zephyr"))/$AY97) | BB97: =IF($AY97=0,"",1-$AZ97-$BA97)
AY98: =COUNTIF(D98:AX98,"Yes") | AZ98: =IF($AY98=0,"",SUMPRODUCT(($D98:$AX98="Yes")*($D$3:$AX$3="Expose via Zephyr"))/$AY98) | BA98: =IF($AY98=0,"",SUMPRODUCT(($D98:$AX98="Yes")*($D$3:$AX$3="Deliver outside Zephyr"))/$AY98) | BB98: =IF($AY98=0,"",1-$AZ98-$BA98)
AY99: =COUNTIF(D99:AX99,"Yes") | AZ99: =IF($AY99=0,"",SUMPRODUCT(($D99:$AX99="Yes")*($D$3:$AX$3="Expose via Zephyr"))/$AY99) | BA99: =IF($AY99=0,"",SUMPRODUCT(($D99:$AX99="Yes")*($D$3:$AX$3="Deliver outside Zephyr"))/$AY99) | BB99: =IF($AY99=0,"",1-$AZ99-$BA99)
A100: PORTFOLIO TOTAL | AY100: =SUM(AY4,AY31,AY46,AY63,AY70,AY74,AY93,AY95) | AZ100: =IF($AY100=0,"",(N(AZ4)*AY4+N(AZ31)*AY31+N(AZ46)*AY46+N(AZ63)*AY63+N(AZ70)*AY70+N(AZ74)*AY74+N(AZ93)*AY93+N(AZ95)*AY95)/$AY100) | BA100: =IF($AY100=0,"",(N(BA4)*AY4+N(BA31)*AY31+N(BA46)*AY46+N(BA63)*AY63+N(BA70)*AY70+N(BA74)*AY74+N(BA93)*AY93+N(BA95)*AY95)/$AY100) | BB100: =IF($AY100=0,"",1-AZ100-BA100)

Sheet Legend
A1: Area | B1: Value | C1: What it means
A2: ZEPHYR DECISION (set on the Platforms helper row, one per capability)
A3: Zephyr decision | B3: Expose via Zephyr | C3: Capability is exposed to consumers through Zephyr (catalog / Add to Solution). Counts toward % via Zephyr.
B4: Deliver outside Zephyr | C4: RBC Cloud delivers without Zephyr involvement. Counts toward % outside Zephyr.
B5: Defer | C5: Valid need, but not for 2027. Counts as undecided for now.
B6: Park | C6: No 2027 value. Counts as undecided for now.
B7: TBD / blank | C7: Not yet decided. Counts as undecided.
A8: PLATFORMS TAB
A9: Platforms tab | B9: Yes / No / TBD | C9: Whether the capability applies to that platform: Yes = in scope, No = not applicable, TBD = not yet assessed.
B10: Rollout Status | C10: Platform rollout state: Not Started / In Progress / Complete / TBD.
B11: In scope | C11: Per platform: count of capabilities marked Yes. Category headers and the portfolio total sum automatically.
B12: % via Zephyr / % outside / % undecided | C12: Share of in-scope capabilities by Zephyr decision. Updates automatically when decisions are set on the helper row.
B13: Collapsible groups | C13: Use the +/- outline buttons on the left edge to collapse or expand each platform category.
B14: Planned | C14: Hours-saved tracking (Before / After Zephyr hours) — to be added.
B15: 47 capability columns | C15: 34 operational activities from the Zephyr Efficiency analysis + 13 HOM capabilities (Lifecycle: Provisioning, Patch Execution, Scaling, Decommissioning, Backup & Restores; Security: IAM/PAM, Encryption Standards, TDS/Imperva, Secrets Mgmt; Observability: Monitoring, Logging, Distributed Tracing, Alerting).
