Workbook

Sheet README
A1: SQL Server Discovery — Current-State, Toil & Future-State Workbook
A2: Discovery phase · RBC Cloud · captures manual effort and incident time, ranks it, and drives the future state and roadmap
B4: How this workbook fits together
B5: ① Capability Baseline | C5: The master capability list — the 10 groups / 44 capabilities. ADD new capabilities here and every Capability dropdown updates automatically.
B6: ② Manual Task Log | C6: Every recurring manual task. Pick Group + Capability (driven by ①), type frequency × minutes; hours calculate. THE core input.
B7: ③ Incident Time Log | C7: Incident effort by category — count, triage + resolve time, after-hours, repeat rate.
B8: ④ Toil Summary | C8: Auto-rolls up ② and ③ by group and ranks by hours. Nothing to type.
B9: ⑤ Future State & Plan | C9: Per capability/task: current → target, mechanism, effort, reusable?, phase.
B10: ⑥ Roadmap & Timeline | C10: The 4 discovery phases with items, owners, dates, outcomes.
B12: How to fill it in
C13: Pale yellow = type here.
C14: Light blue = dropdown driven by the ① Capability Baseline tab (updates as you add capabilities).
C15: White + border = calculated. Don't overwrite — holds formulas.
B17: • | C17: To add a capability: type it on the ① Capability Baseline tab (column C). It appears in the Capability dropdown on ② automatically.
B18: • | C18: Capability Group stays a fixed list of 10 — tell the owner if a genuinely new group is needed.
B19: • | C19: Estimate, don't stall. A sampled '~20 min, ~8×/mo' beats a blank row; mark rough ones in Confidence.
B20: • | C20: One row per DISTINCT task, not per occurrence. Count after-hours / on-call effort.
B21: • | C21: 'Reusable?' = does the fix survive the move to SQL Always On? Compliance & incident patterns usually do.
B23: Framework source: RBC Capability Assessment (Discovery Kickoff, 7/27/26) — 44 capabilities / 10 groups mapped to the platform portfolio incl. SQL Server.

Sheet ① Capability Baseline
A1: ① Capability Baseline — the master list
A2: One row per capability. Score it as it runs TODAY. This tab feeds the Capability dropdown on the other tabs — add rows here to extend it.
A3: # | B3: Capability Group | C3: Capability | D3: Current Maturity | E3: Who Does It Today | F3: Primary Tooling | G3: Manual? (notes) | H3: RAG | I3: Confidence
A4: 1 | B4: Architecture | C4: Patterns
A5: 2 | B5: Architecture | C5: Tiers / Layers
A6: 3 | B6: Architecture | C6: Standardization
A7: 4 | B7: Resiliency | C7: DR Strategy
A8: 5 | B8: Resiliency | C8: HA Design
A9: 6 | B9: Resiliency | C9: Failover Design
A10: 7 | B10: Lifecycle | C10: Provisioning
A11: 8 | B11: Lifecycle | C11: Patch Execution
A12: 9 | B12: Lifecycle | C12: Scaling
A13: 10 | B13: Lifecycle | C13: Decommissioning
A14: 11 | B14: Lifecycle | C14: Backup & Restores
A15: 12 | B15: Lifecycle | C15: PoCs
... A47: 44 | B47: Incident Mgmt (iO) | C47: Support Channel
B49: To extend the framework, add a Capability Group + Capability on new rows here — the ② dropdown picks it up automatically.

Sheet ② Manual Task Log
A1: ② Manual Task Log — what the ops team does by hand
A2: One row per distinct recurring task. Pick Group + Capability (from ①), type frequency × minutes; hours calculate. This is the heart of discovery.
A3: # | B3: Capability Group | C3: Capability | D3: Task / Activity | E3: Trigger | F3: Freq Category | G3: Times / Month | H3: Minutes each | I3: People | J3: Hours / Month | K3: Hours / Year | L3: Toil? | M3: After-hours? | N3: Reusable for Always On? | O3: Confidence | P3: Notes
A4: 1 | B4: Lifecycle | C4: Provisioning | D4: New database provisioning (app request) | E4: App team service request (ITSM) | F4: Weekly | G4: 8 | H4: 75 | I4: 1 | J4: =IF(AND(ISNUMBER(G4),ISNUMBER(H4)),G4*H4/60,"") -> 10 | K4: =IF(ISNUMBER(J4),J4*12,"") -> 120 | L4: Toil | M4: No | N4: Yes | O4: Medium | P4: ▶ EXAMPLE — overwrite with your data. Create DB, configure options, permissions, handback
A5: 2 | B5: Lifecycle | C5: Provisioning | D5: New SQL instance build (VM) | E5: New environment / capacity request | F5: Monthly | G5: 2 | H5: 240 | I5: 2 | J5: =IF(AND(ISNUMBER(G5),ISNUMBER(H5)),G5*H5/60,"") -> 8 | K5: =IF(ISNUMBER(J5),J5*12,"") -> 96 | L5: Toil | M5: No | N5: Yes | O5: Low | P5: ▶ EXAMPLE — overwrite with your data. OS prep, install, config baseline, register in CMDB
A6: 3 | B6: Lifecycle | C6: Provisioning | D6: Add database to Always On AG | E6: New prod DB needs HA | F6: Monthly | G6: 4 | H6: 120 | I6: 1 | J6: =IF(AND(ISNUMBER(G6),ISNUMBER(H6)),G6*H6/60,"") -> 8 | K6: =IF(ISNUMBER(J6),J6*12,"") -> 96 | L6: Toil | M6: Partial | N6: Yes | O6: Medium | P6: ▶ EXAMPLE — overwrite with your data. Seed replica, join AG, validate failover
A7: 4 | B7: Lifecycle | C7: Provisioning | D7: Login / role access provisioning | E7: Access request (ITSM) | F7: Weekly | G7: 20 | H7: 15 | I7: 1 | J7: =IF(AND(ISNUMBER(G7),ISNUMBER(H7)),G7*H7/60,"") -> 5 | K7: =IF(ISNUMBER(J7),J7*12,"") -> 60 | L7: Toil | M7: No | N7: Yes | O7: High | P7: ▶ EXAMPLE — overwrite with your data. Create logins, map roles, least-privilege check
A8: 5 | B8: Lifecycle | C8: Patch Execution | D8: Monthly CU / SU patching cycle | E8: Monthly patch calendar | F8: Monthly | G8: 4 | H8: 180 | I8: 2 | J8: =IF(AND(ISNUMBER(G8),ISNUMBER(H8)),G8*H8/60,"") -> 12 | K8: =IF(ISNUMBER(J8),J8*12,"") -> 144 | L8: Toil | M8: Yes | N8: Yes | O8: Medium | P8: ▶ EXAMPLE — overwrite with your data. Plan, outage coord, apply, validate per instance batch
A9: 6 | B9: Lifecycle | C9: Backup & Restores | D9: Dev / test DB refresh (restore) | E9: Dev team refresh request | F9: Weekly | G9: 6 | H9: 60 | I9: 1 | J9: =IF(AND(ISNUMBER(G9),ISNUMBER(H9)),G9*H9/60,"") -> 6 | K9: =IF(ISNUMBER(J9),J9*12,"") -> 72 | L9: Toil | M9: No | N9: Partial | O9: Medium | P9: ▶ EXAMPLE — overwrite with your data. Restore prod copy to lower env, mask, reconfigure
A10: 7 | B10: Lifecycle | C10: Scaling | D10: Manual storage / file growth | E10: Space alert / capacity threshold | F10: Weekly | G10: 5 | H10: 25 | I10: 1 | J10: =IF(AND(ISNUMBER(G10),ISNUMBER(H10)),G10*H10/60,"") -> 2.0833333 | K10: =IF(ISNUMBER(J10),J10*12,"") -> 25 | L10: Toil | M10: No | N10: Yes | O10: Medium | P10: ▶ EXAMPLE — overwrite with your data. Grow data/log files or add disk, update autogrowth
A11: 8 | J11: =IF(AND(ISNUMBER(G11),ISNUMBER(H11)),G11*H11/60,"") | K11: =IF(ISNUMBER(J11),J11*12,"")
A12: 9 | J12: =IF(AND(ISNUMBER(G12),ISNUMBER(H12)),G12*H12/60,"") | K12: =IF(ISNUMBER(J12),J12*12,"")
A13: 10 | J13: =IF(AND(ISNUMBER(G13),ISNUMBER(H13)),G13*H13/60,"") | K13: =IF(ISNUMBER(J13),J13*12,"")
A14: 11 | J14: =IF(AND(ISNUMBER(G14),ISNUMBER(H14)),G14*H14/60,"") | K14: =IF(ISNUMBER(J14),J14*12,"")
A15: 12 | J15: =IF(AND(ISNUMBER(G15),ISNUMBER(H15)),G15*H15/60,"") | K15: =IF(ISNUMBER(J15),J15*12,"")
A16: 13 | J16: =IF(AND(ISNUMBER(G16),ISNUMBER(H16)),G16*H16/60,"") | K16: =IF(ISNUMBER(J16),J16*12,"")
A17: 14 | J17: =IF(AND(ISNUMBER(G17),ISNUMBER(H17)),G17*H17/60,"") | K17: =IF(ISNUMBER(J17),J17*12,"")
A18: 15 | J18: =IF(AND(ISNUMBER(G18),ISNUMBER(H18)),G18*H18/60,"") | K18: =IF(ISNUMBER(J18),J18*12,"")
A19: 16 | J19: =IF(AND(ISNUMBER(G19),ISNUMBER(H19)),G19*H19/60,"") | K19: =IF(ISNUMBER(J19),J19*12,"")
A20: 17 | J20: =IF(AND(ISNUMBER(G20),ISNUMBER(H20)),G20*H20/60,"") | K20: =IF(ISNUMBER(J20),J20*12,"")
A21: 18 | J21: =IF(AND(ISNUMBER(G21),ISNUMBER(H21)),G21*H21/60,"") | K21: =IF(ISNUMBER(J21),J21*12,"")
A22: 19 | J22: =IF(AND(ISNUMBER(G22),ISNUMBER(H22)),G22*H22/60,"") | K22: =IF(ISNUMBER(J22),J22*12,"")
... A63: 60 | J63: =IF(AND(ISNUMBER(G63),ISNUMBER(H63)),G63*H63/60,"") | K63: =IF(ISNUMBER(J63),J63*12,"")
I64: TOTAL | J64: =SUM(J4:J63) -> 51.083333 | K64: =SUM(K4:K63) -> 613
B66: Example — Lifecycle · Provisioning · 'Manual DB provisioning' · 'app request' · Weekly · 6 · 90 · 1 · (auto) · Toil · No · Yes · Medium

Sheet ③ Incident Time Log
A1: ③ Incident Time Log — reactive effort
A2: One row per incident category. Hours calculate from count × (triage + resolve). Track repeat % — recurring incidents are the automation target.
A3: # | B3: Capability Group | C3: Incident Category | D3: Severity | E3: Incidents / Month | F3: Avg Triage (min) | G3: Avg Resolve (min) | H3: After-hours % | I3: Repeat % | J3: Hours / Month | K3: Hours / Year | L3: Reusable for Always On? | M3: Confidence | N3: Notes
A4: 1 | J4: =IF(AND(ISNUMBER(E4),ISNUMBER(F4),ISNUMBER(G4)),E4*(F4+G4)/60,"") | K4: =IF(ISNUMBER(J4),J4*12,"")
A5: 2 | J5: =IF(AND(ISNUMBER(E5),ISNUMBER(F5),ISNUMBER(G5)),E5*(F5+G5)/60,"") | K5: =IF(ISNUMBER(J5),J5*12,"")
A6: 3 | J6: =IF(AND(ISNUMBER(E6),ISNUMBER(F6),ISNUMBER(G6)),E6*(F6+G6)/60,"") | K6: =IF(ISNUMBER(J6),J6*12,"")
A7: 4 | J7: =IF(AND(ISNUMBER(E7),ISNUMBER(F7),ISNUMBER(G7)),E7*(F7+G7)/60,"") | K7: =IF(ISNUMBER(J7),J7*12,"")
A8: 5 | J8: =IF(AND(ISNUMBER(E8),ISNUMBER(F8),ISNUMBER(G8)),E8*(F8+G8)/60,"") | K8: =IF(ISNUMBER(J8),J8*12,"")
A9: 6 | J9: =IF(AND(ISNUMBER(E9),ISNUMBER(F9),ISNUMBER(G9)),E9*(F9+G9)/60,"") | K9: =IF(ISNUMBER(J9),J9*12,"")
A10: 7 | J10: =IF(AND(ISNUMBER(E10),ISNUMBER(F10),ISNUMBER(G10)),E10*(F10+G10)/60,"") | K10: =IF(ISNUMBER(J10),J10*12,"")
A11: 8 | J11: =IF(AND(ISNUMBER(E11),ISNUMBER(F11),ISNUMBER(G11)),E11*(F11+G11)/60,"") | K11: =IF(ISNUMBER(J11),J11*12,"")
A12: 9 | J12: =IF(AND(ISNUMBER(E12),ISNUMBER(F12),ISNUMBER(G12)),E12*(F12+G12)/60,"") | K12: =IF(ISNUMBER(J12),J12*12,"")
A13: 10 | J13: =IF(AND(ISNUMBER(E13),ISNUMBER(F13),ISNUMBER(G13)),E13*(F13+G13)/60,"") | K13: =IF(ISNUMBER(J13),J13*12,"")
A14: 11 | J14: =IF(AND(ISNUMBER(E14),ISNUMBER(F14),ISNUMBER(G14)),E14*(F14+G14)/60,"") | K14: =IF(ISNUMBER(J14),J14*12,"")
A15: 12 | J15: =IF(AND(ISNUMBER(E15),ISNUMBER(F15),ISNUMBER(G15)),E15*(F15+G15)/60,"") | K15: =IF(ISNUMBER(J15),J15*12,"")
... A43: 40 | J43: =IF(AND(ISNUMBER(E43),ISNUMBER(F43),ISNUMBER(G43)),E43*(F43+G43)/60,"") | K43: =IF(ISNUMBER(J43),J43*12,"")
I44: TOTAL | J44: =SUM(J4:J43) -> 0 | K44: =SUM(K4:K43) -> 0
B46: Example — Resiliency · 'Failover / DR event' · Sev2 · 3 · 20 · 120 · 60% · 40% · (auto) · Yes · Medium

Sheet ④ Toil Summary
A1: ④ Toil Summary — auto-ranked
A2: Rolls up ② and ③ by capability group and ranks. Nothing to type. This is where the toil actually is.
A3: Capability Group | B3: Manual Hours / Mo | C3: Incident Hours / Mo | D3: Total Hours / Mo | E3: Total Hours / Yr | F3: % of Total | G3: Rank
A4: Architecture | B4: =SUMIFS('② Manual Task Log'!$J$4:$J$63,'② Manual Task Log'!$B$4:$B$63,$A4) -> 0 | C4: =SUMIFS('③ Incident Time Log'!$J$4:$J$43,'③ Incident Time Log'!$B$4:$B$43,$A4) -> 0 | D4: =B4+C4 -> 0 | E4: =D4*12 -> 0 | F4: =IF($D$14=0,0,D4/$D$14) -> 0 | G4: =IF(D4=0,"",RANK(D4,$D$4:$D$13))
A5: Resiliency | B5: =SUMIFS('② Manual Task Log'!$J$4:$J$63,'② Manual Task Log'!$B$4:$B$63,$A5) -> 0 | C5: =SUMIFS('③ Incident Time Log'!$J$4:$J$43,'③ Incident Time Log'!$B$4:$B$43,$A5) -> 0 | D5: =B5+C5 -> 0 | E5: =D5*12 -> 0 | F5: =IF($D$14=0,0,D5/$D$14) -> 0 | G5: =IF(D5=0,"",RANK(D5,$D$4:$D$13))
A6: Lifecycle | B6: =SUMIFS('② Manual Task Log'!$J$4:$J$63,'② Manual Task Log'!$B$4:$B$63,$A6) -> 51.083333 | C6: =SUMIFS('③ Incident Time Log'!$J$4:$J$43,'③ Incident Time Log'!$B$4:$B$43,$A6) -> 0 | D6: =B6+C6 -> 51.083333 | E6: =D6*12 -> 613 | F6: =IF($D$14=0,0,D6/$D$14) -> 1 | G6: =IF(D6=0,"",RANK(D6,$D$4:$D$13)) -> 1
A7: Capacity Planning | B7: =SUMIFS('② Manual Task Log'!$J$4:$J$63,'② Manual Task Log'!$B$4:$B$63,$A7) -> 0 | C7: =SUMIFS('③ Incident Time Log'!$J$4:$J$43,'③ Incident Time Log'!$B$4:$B$43,$A7) -> 0 | D7: =B7+C7 -> 0 | E7: =D7*12 -> 0 | F7: =IF($D$14=0,0,D7/$D$14) -> 0 | G7: =IF(D7=0,"",RANK(D7,$D$4:$D$13))
A8: Compliance | B8: =SUMIFS('② Manual Task Log'!$J$4:$J$63,'② Manual Task Log'!$B$4:$B$63,$A8) -> 0 | C8: =SUMIFS('③ Incident Time Log'!$J$4:$J$43,'③ Incident Time Log'!$B$4:$B$43,$A8) -> 0 | D8: =B8+C8 -> 0 | E8: =D8*12 -> 0 | F8: =IF($D$14=0,0,D8/$D$14) -> 0 | G8: =IF(D8=0,"",RANK(D8,$D$4:$D$13))
A9: Security | B9: =SUMIFS('② Manual Task Log'!$J$4:$J$63,'② Manual Task Log'!$B$4:$B$63,$A9) -> 0 | C9: =SUMIFS('③ Incident Time Log'!$J$4:$J$43,'③ Incident Time Log'!$B$4:$B$43,$A9) -> 0 | D9: =B9+C9 -> 0 | E9: =D9*12 -> 0 | F9: =IF($D$14=0,0,D9/$D$14) -> 0 | G9: =IF(D9=0,"",RANK(D9,$D$4:$D$13))
A10: Observability | B10: =SUMIFS('② Manual Task Log'!$J$4:$J$63,'② Manual Task Log'!$B$4:$B$63,$A10) -> 0 | C10: =SUMIFS('③ Incident Time Log'!$J$4:$J$43,'③ Incident Time Log'!$B$4:$B$43,$A10) -> 0 | D10: =B10+C10 -> 0 | E10: =D10*12 -> 0 | F10: =IF($D$14=0,0,D10/$D$14) -> 0 | G10: =IF(D10=0,"",RANK(D10,$D$4:$D$13))
A11: Finance / Chargeback | B11: =SUMIFS('② Manual Task Log'!$J$4:$J$63,'② Manual Task Log'!$B$4:$B$63,$A11) -> 0 | C11: =SUMIFS('③ Incident Time Log'!$J$4:$J$43,'③ Incident Time Log'!$B$4:$B$43,$A11) -> 0 | D11: =B11+C11 -> 0 | E11: =D11*12 -> 0 | F11: =IF($D$14=0,0,D11/$D$14) -> 0 | G11: =IF(D11=0,"",RANK(D11,$D$4:$D$13))
A12: Zephyr Integration | B12: =SUMIFS('② Manual Task Log'!$J$4:$J$63,'② Manual Task Log'!$B$4:$B$63,$A12) -> 0 | C12: =SUMIFS('③ Incident Time Log'!$J$4:$J$43,'③ Incident Time Log'!$B$4:$B$43,$A12) -> 0 | D12: =B12+C12 -> 0 | E12: =D12*12 -> 0 | F12: =IF($D$14=0,0,D12/$D$14) -> 0 | G12: =IF(D12=0,"",RANK(D12,$D$4:$D$13))
A13: Incident Mgmt (iO) | B13: =SUMIFS('② Manual Task Log'!$J$4:$J$63,'② Manual Task Log'!$B$4:$B$63,$A13) -> 0 | C13: =SUMIFS('③ Incident Time Log'!$J$4:$J$43,'③ Incident Time Log'!$B$4:$B$43,$A13) -> 0 | D13: =B13+C13 -> 0 | E13: =D13*12 -> 0 | F13: =IF($D$14=0,0,D13/$D$14) -> 0 | G13: =IF(D13=0,"",RANK(D13,$D$4:$D$13))
A14: TOTAL | B14: =SUM(B4:B13) -> 51.083333 | C14: =SUM(C4:C13) -> 0 | D14: =SUM(D4:D13) -> 51.083333 | E14: =SUM(E4:E13) -> 613 | F14: =SUM(F4:F13) -> 1
A16: Ranked by total monthly hours. Top of the list = where automation buys most; confirm against 'Reusable?' before committing.

Sheet ⑤ Future State & Plan
A1: ⑤ Future State & Automation Plan
A2: Turn the top of the toil rank into a plan. Capability driven by ①.
A3: # | B3: Capability Group | C3: Capability | D3: Current State | E3: Target State | F3: How We Automate It | G3: Reusable? | H3: Effort | I3: Target Phase | J3: Owner | K3: Status
A4: 1
A5: 2
A6: 3
A7: 4
A8: 5
A9: 6
A10: 7
A11: 8
A12: 9
A13: 10
A14: 11
A15: 12
... A53: 50
B55: Example — Lifecycle · Provisioning · 'manual per request' · 'self-service catalog' · 'SQL Always On golden module' · Yes · M · P3 SQL Pod Kickoff · Pod Lead · Not Started

Sheet ⑥ Roadmap & Timeline
A1: ⑥ Roadmap & Timeline
A2: The 4 discovery phases from the kickoff. Add owners and dates as they firm up.
A3: Phase | B3: Timeline | C3: Activities | D3: Owner | E3: Start | F3: Target End | G3: Status | H3: Key Outcomes
A4: P1 · Discovery | B4: Week 1-2 | C4: Manual task, incident & capability capture (this workbook). Include items from Pavel's discovery. | G4: Not Started | H4: Full current-state baseline captured
A5: P2 · Assessment & Design | B5: Week 2-3 | C5: Define what to Stop / Start / Continue. Design the working model. | G5: Not Started | H5: Target operating model agreed
A6: P3 · SQL Server Pod Kickoff | B6: Week 3 (parallel) | C6: Launch the first SQL Server Pod using the working model as a proof point. | G6: Not Started | H6: Live pod operating under the model
A7: P4 · Ongoing Governance | B7: Week 4+ | C7: Weekly leadership review · track KPIs · iterate on the working model · expand to more pods. | G7: Not Started | H7: Continuous improvement; next pod scoped
A9: Source: Phased Roadmap, RBC Cloud Discovery Kickoff (7/27/26).
